createdAt,likesCount,title,uuid,profileImageUrl,urlName
2020-08-19,274,Qiitaコントリビューション数をGitHubのプロフィールに貼ってドヤれるサービスを作った,f2c60d9caf8a8e38ec50,https://qiita-image-store.s3.ap-northeast-1.amazonaws.com/0/180411/profile-images/1598000265,mikkame
2020-08-21,129,フロントエンドとバックエンドのリアルタイム通信の選択肢を教えて下さい,00dee8bac706a6d66862,https://qiita-image-store.s3.amazonaws.com/0/889/profile-images/1473682133,suin
2020-08-20,121,React v17 何が変わった？,1129cf233562a668670a,https://qiita-image-store.s3.ap-northeast-1.amazonaws.com/0/441432/profile-images/1561101256,irico
2020-08-19,96,javascript - の iterator がちょっと非力だったので,395c4fb3cf67f914dbe3,https://qiita-image-store.s3.amazonaws.com/0/19227/profile-images/1473682648,dankogai
2020-08-19,87,Pythonでフーリエ変換,64a54bb2e2c477cc6fa1,https://qiita-image-store.s3.amazonaws.com/0/79744/profile-images/1501125720,kaityo256
2020-08-19,67,個人で技術書サービスを作った苦悩と公開,487c4e48909558a0623c,https://qiita-image-store.s3.ap-northeast-1.amazonaws.com/0/226439/profile-images/1594642704,koma2hiroki
2020-08-19,91,浮動小数点数の足し算と掛け算は可換か,46d2d3c8eef1d8de1534,https://qiita-image-store.s3.ap-northeast-1.amazonaws.com/0/185919/profile-images/1596126903,mod_poppo
2020-08-20,33,日本の地域メッシュを生成するPythonモジュールを公開しました,78078ef0da47f8280825,https://qiita-image-store.s3.ap-northeast-1.amazonaws.com/0/73197/profile-images/1575775192,Kanahiro
2020-08-20,45,エンジニアらしいツイートをする技術,973bb556d7cb4f396785,https://qiita-image-store.s3.ap-northeast-1.amazonaws.com/0/226439/profile-images/1594642704,koma2hiroki
2020-08-19,68,自宅で夏の散歩ができる「夏休み君」をYoutube Player APIで作ってみた,8b0be6309b479ec5cdcc,https://s3-ap-northeast-1.amazonaws.com/qiita-image-store/0/666990/d40f445c51582c5e6d47db93a2bf8526141b6f74/x_large.png?1594444372,canonno
2020-08-18,106,Firebase AuthなどJavaScriptでAPIセッション用のトークンを得ることについて,4583552d6c44c0fc8be6,https://qiita-image-store.s3.amazonaws.com/0/6495/profile-images/1473682928,stomita
2020-08-19,57,夏だ！カレーだ！都内の人気店のメニューガチャ作ったので、みんなでカレーを食べよう！！！,8f8158d148da714757ec,https://s3-ap-northeast-1.amazonaws.com/qiita-image-store/0/670338/6bc5fd1aba434e2de5087c02c80299bd8da574d9/x_large.png?1594209061,twtjudy1128
2020-08-19,35,chart.jsで自宅の温湿度を可視化してみた,c8e733b3ca654c25477f,https://qiita-image-store.s3.ap-northeast-1.amazonaws.com/0/206019/profile-images/1594709748,Toshiki0324
2020-08-20,30,GASでQiita APIを叩いて結果をGoogleスプレッドシートに自動入力する手順を詳しくメモしておく,09c47ee536d8c0199034,https://s3-ap-northeast-1.amazonaws.com/qiita-image-store/0/339601/57b4995657dcc5724891bb53595da1ef75457b5f/x_large.png?1594696012,kurarararara
2020-08-19,44,only-allowを用いてプロジェクトでYarnの使用を強制する方法,e0fbdd9af1150138a65c,https://qiita-image-store.s3.amazonaws.com/0/889/profile-images/1473682133,suin
2020-08-20,12,【Unity】Final IKの中にモーション記録の機能があった件,42edbe14cc0b75a7feda,https://s3-ap-northeast-1.amazonaws.com/qiita-image-store/0/478685/150f1cc0def2dfcb4814f780d822b070f301821a/large.png?1582702948,Maron_Vtuber
2020-08-20,17,【今日からできる】SwiftUI/Combineのユニットテスト,dd7bee391962f945256f,https://s3-ap-northeast-1.amazonaws.com/qiita-image-store/0/499615/ec4fee87a93a4676f997a9039b446f88f3d36073/x_large.png?1594250916,turara
2020-08-20,27,HDDをWindowsとMacで使えるようにする【exFAT】,49b96878d3e7c5713818,https://s3-ap-northeast-1.amazonaws.com/qiita-image-store/0/469936/65c93f1b11b16f3ff0d3575f153aa4367e7043be/x_large.png?1577114440,akane_kato
2020-08-20,17,GCP: Cloud FunctionsとCloud SQLをVPC経由で接続する方法,998ac80d397e27aac184,https://qiita-image-store.s3.amazonaws.com/0/889/profile-images/1473682133,suin
2020-08-20,9,PySparkで時系列データの特徴量抽出する方法　基礎編,108baa7defa34bda0634,https://avatars1.githubusercontent.com/u/35981337?v=4,arai-jin
2020-08-19,19,初心者がAndroidアプリを作ってみる　～プロジェクトの作成～,69161387bee61c0187aa,https://s3-ap-northeast-1.amazonaws.com/qiita-image-store/0/530030/f4edfd127b20dd19c68adf5f340dca654f447a1a/x_large.png?1597850291,t-namba
2020-08-19,11,RailsでGraphQL APIからデータを取得・表示する,243b55477172317eb126,https://s3-ap-northeast-1.amazonaws.com/qiita-image-store/0/601315/25c7b0c0ee1d19de845a27f76955ee2894a61bcd/large.png?1583978876,hinokage
2020-08-17,18,実践 Web Stories（旧 AMP Stories）,caf0b82c9b184ce6e874,https://avatars1.githubusercontent.com/u/26158752?v=4,p_irisawa
2020-08-20,5,【Unity】NWPathMonitorを使ったネイティブプラグインUniNWPathMonitorを作ってみた,72e2f798157f387dfb58,https://qiita-image-store.s3.ap-northeast-1.amazonaws.com/0/328771/profile-images/1595687179,ohbashunsuke
2020-08-19,8,Terraform 0.13へのアップグレード,4c22ef31d8cebae72e0b,https://qiita-image-store.s3.amazonaws.com/0/27454/profile-images/1473685014,naomichi-y
2020-08-21,10,文書のランキングは情報推薦なのか？,369804fe118270de27ec,https://qiita-image-store.s3.amazonaws.com/0/179/profile-images/1473682087,rejasupotaro
2020-08-19,18,ios-snapshot-test-caseを快適に運用する5つのtips,552d1a2d1501bb4ce854,https://qiita-image-store.s3.amazonaws.com/0/14646/profile-images/1473683436,watanave
2020-08-21,9,Google Colab Tips整理,2f38a46f5dd045d25232,https://qiita-image-store.s3.ap-northeast-1.amazonaws.com/0/208980/profile-images/1582169592,kotai2003
2020-08-21,8,自然言語処理におけるデータ前処理の性能検証,82bd4942d3a035853f84,https://s3-ap-northeast-1.amazonaws.com/qiita-image-store/0/543106/15cb78e1bc95774b292046871be7f83a1f5a2db3/x_large.png?1593054682,mkakida
2020-08-20,9,D言語/vibe.dでWebSocketプログラミング,be79717393e0afd20a43,https://secure.gravatar.com/avatar/9017890b07bdcf2db7e8cd31a6c80541,godmyoh
